{
    "faces": [33, 3, 0, 1, 2, 0, 1, 1, 1, 33, 7, 4, 5, 6, 2, 2, 2, 2, 33, 11, 8, 9, 10, 3, 4, 3, 3, 33, 15, 12, 13, 14, 5, 5, 5, 5, 33, 19, 16, 17, 18, 6, 6, 6, 6, 33, 21, 22, 23, 20, 7, 7, 7, 7], 
    "normals": [0.999969, 0, 0, 1, 0, 0, 0, -1, 0, -1, 0, 0, -0.999969, 0, 0, 0, 1, 0, 0, 0, -1, 0, 0, 1], 
    "name": "UntitledGeometry", 
    "metadata": {
        "normals": 8, 
        "generator": "io_three", 
        "faces": 6, 
        "version": 3, 
        "vertices": 24, 
        "type": "Geometry", 
        "uvs": 0
    }, 
    "vertices": [24, -1e-06, 5, 24, 0, -0, 24, 1, 0, 24, 0.999999, 5, -24, -1e-06, 5, -24, 0, -0, 24, 0, -0, 24, -1e-06, 5, -24, 0.999999, 5, -24, 1, 0, -24, 0, -0, -24, -1e-06, 5, 24, 0.999999, 5, 24, 1, 0, -24, 1, 0, -24, 0.999999, 5, 24, 0, -0, -24, 0, -0, -24, 1, 0, 24, 1, 0, -24, 0.999999, 5, -24, -1e-06, 5, 24, -1e-06, 5, 24, 0.999999, 5], 
    "uvs": []
}