{
    "name": "UntitledGeometry", 
    "metadata": {
        "type": "Geometry", 
        "uvs": 1, 
        "generator": "io_three", 
        "version": 3, 
        "normals": 108, 
        "vertices": 108, 
        "faces": 157
    }, 
    "vertices": [-1.98626, -0.375, 0.537458, -1.98626, -0.318326, 0.537458, -1.98626, -0.318061, 0.644881, -1.98626, -0.311067, 0.66572, -1.98626, -0.298531, 0.678424, -1.98626, -0.285673, 0.684996, -1.98626, -0.271384, 0.6875, -1.98626, -0.093062, 0.686997, -1.98626, -0.080274, 0.683947, -1.98626, -0.075048, 0.681901, -1.98626, -0.061436, 0.670118, -1.98626, -0.055229, 0.660006, -1.98626, -0.051058, 0.644769, -1.98626, -0.051058, -0.644925, -1.98626, -0.054483, -0.658466, -1.98626, -0.062897, -0.671852, -1.98626, -0.075048, -0.681901, -1.98626, -0.085717, -0.686078, -1.98626, -0.102342, -0.6875, -1.98626, -0.278681, -0.686579, -1.98626, -0.292756, -0.682196, -1.98626, -0.30355, -0.674784, -1.98626, -0.309409, -0.667718, -1.98626, -0.314654, -0.658126, -1.98626, -0.318325, -0.64351, -1.98626, -0.318326, -0.537458, -1.98626, -0.375, -0.537458, -1.98626, -0.370446, -0.713191, -1.98626, -0.364826, -0.722268, -1.98626, -0.360018, -0.728846, -1.98626, -0.348553, -0.738811, -1.98626, -0.341805, -0.742425, -1.98626, -0.33323, -0.746512, -1.98626, -0.320513, -0.75, -1.98626, -0.053791, -0.75, -1.98626, -0.039427, -0.745484, -1.98626, -0.02645, -0.737849, -1.98626, -0.016961, -0.728847, -1.98626, -0.009611, -0.718545, -1.98626, -0.002423, -0.702083, -1.98626, -0.000824, -0.692196, -1.98626, -0.000638, 0.690773, -1.98626, -0.00211, 0.701244, -1.98626, -0.007843, 0.715873, -1.98626, -0.014507, 0.725945, -1.98626, -0.026451, 0.737849, -1.98626, -0.032753, 0.741557, -1.98626, -0.053791, 0.75, -1.98626, -0.320513, 0.75, -1.98626, -0.337966, 0.744481, -1.98626, -0.347597, 0.739323, -1.98626, -0.360484, 0.728208, -1.98626, -0.366493, 0.719989, -1.98626, -0.372574, 0.708258, 1.98626, -0.374893, 0.537458, 1.98626, -0.318218, 0.537458, 1.98626, -0.317954, 0.644881, 1.98626, -0.310959, 0.66572, 1.98626, -0.298423, 0.678424, 1.98626, -0.285566, 0.684996, 1.98626, -0.271276, 0.6875, 1.98626, -0.092954, 0.686997, 1.98626, -0.080167, 0.683947, 1.98626, -0.074941, 0.681901, 1.98626, -0.061328, 0.670118, 1.98626, -0.055121, 0.660006, 1.98626, -0.050951, 0.644769, 1.98626, -0.05095, -0.644925, 1.98626, -0.054375, -0.658466, 1.98626, -0.062789, -0.671852, 1.98626, -0.074941, -0.681901, 1.98626, -0.08561, -0.686078, 1.98626, -0.102234, -0.6875, 1.98626, -0.278574, -0.686579, 1.98626, -0.292648, -0.682196, 1.98626, -0.303442, -0.674784, 1.98626, -0.309302, -0.667718, 1.98626, -0.314547, -0.658126, 1.98626, -0.318218, -0.64351, 1.98626, -0.318218, -0.537458, 1.98626, -0.374893, -0.537458, 1.98626, -0.370338, -0.713191, 1.98626, -0.364719, -0.722268, 1.98626, -0.35991, -0.728846, 1.98626, -0.348446, -0.738811, 1.98626, -0.341698, -0.742425, 1.98626, -0.333123, -0.746512, 1.98626, -0.320405, -0.75, 1.98626, -0.053683, -0.75, 1.98626, -0.03932, -0.745484, 1.98626, -0.026343, -0.737849, 1.98626, -0.016853, -0.728847, 1.98626, -0.009504, -0.718545, 1.98626, -0.002315, -0.702083, 1.98626, -0.000717, -0.692196, 1.98626, -0.000531, 0.690773, 1.98626, -0.002002, 0.701244, 1.98626, -0.007736, 0.715873, 1.98626, -0.0144, 0.725945, 1.98626, -0.026343, 0.737849, 1.98626, -0.032645, 0.741557, 1.98626, -0.053683, 0.75, 1.98626, -0.320405, 0.75, 1.98626, -0.337858, 0.744481, 1.98626, -0.347489, 0.739323, 1.98626, -0.360377, 0.728208, 1.98626, -0.366385, 0.719989, 1.98626, -0.372467, 0.708258], 
    "normals": [0.884701, 0.460128, -0.074374, 0.886013, 0.45912, 0.064516, 0.681722, 0.707633, 0.185644, 0.679922, 0.703482, -0.206854, 0.684133, 0.647237, 0.336131, 0.684439, 0.634236, -0.359508, 0.685018, 0.563799, 0.461318, 0.686117, 0.548936, -0.477309, 0.679861, 0.448317, 0.580279, 0.682424, 0.43968, -0.58388, 0.682424, 0.296854, -0.667928, 0.690573, 0.318949, 0.649098, 0.678304, -0.728202, -0.097842, 0.666799, 0.141331, 0.731681, 0.680319, -0.727256, 0.090518, 0.67449, 0.112003, -0.729728, 0.673605, -0.679434, 0.290811, 0.676656, -0.675588, -0.292703, 0.673055, -0.555742, 0.48793, 0.673177, -0.375134, 0.637226, 0.676199, -0.167425, 0.717429, 0.678243, -0.098025, -0.728233, 0.691794, -0.215918, -0.689047, 0.674306, -0.112613, 0.729759, 0.670888, -0.383374, -0.634724, 0.674276, -0.562914, -0.47792, 0.682028, -0.086428, -0.726188, 0.697043, -0.028687, 0.716422, 0.687796, 0.061861, -0.723228, 0.675283, 0.112827, 0.728843, 0.675039, 0.234169, -0.699606, 0.674978, 0.322123, 0.663778, 0.672964, 0.437117, -0.596637, 0.677328, 0.496078, 0.543229, 0.659658, 0.640187, -0.393628, 0.686148, 0.601886, 0.408551, 0.679617, 0.683035, 0.267464, 0.672781, 0.730003, -0.120151, 0.680471, 0.727195, 0.089908, 0.577471, 0.576556, -0.57799, 0.577319, 0.577349, 0.577319, 0.576006, -0.585437, 0.570482, 0.576586, -0.581774, -0.573595, 0.687735, -0.253151, -0.68038, 0.68685, -0.282296, 0.669698, 0.701865, -0.321421, -0.635609, 0.683187, -0.413312, 0.601978, 0.682791, -0.414686, -0.601489, 0.682394, -0.537217, 0.495651, 0.682791, -0.537919, -0.494369, 0.698538, -0.593432, -0.399762, 0.690298, -0.614978, 0.381085, 0.65276, -0.725852, -0.216712, 0.658834, -0.729576, 0.183355, -0.681753, 0.707602, 0.185644, -0.886013, 0.45912, 0.064516, -0.884701, 0.460128, -0.074374, -0.679952, 0.703452, -0.206854, -0.684133, 0.647237, 0.336131, -0.684469, 0.634205, -0.359508, -0.685049, 0.563799, 0.461318, -0.686148, 0.548936, -0.477309, -0.679891, 0.448317, 0.580279, -0.682455, 0.43968, -0.58388, -0.682455, 0.296854, -0.667898, -0.690603, 0.318949, 0.649068, -0.678304, -0.728202, -0.097842, -0.666799, 0.141331, 0.731681, -0.67449, 0.112003, -0.729698, -0.680288, -0.727287, 0.090548, -0.673574, -0.679464, 0.290811, -0.676626, -0.675588, -0.292703, -0.678243, -0.098025, -0.728233, -0.676168, -0.167425, 0.717429, -0.673147, -0.375134, 0.637257, -0.673055, -0.555773, 0.48793, -0.674245, -0.562944, -0.47795, -0.670888, -0.383374, -0.634724, -0.691763, -0.215918, -0.689047, -0.674306, -0.112613, 0.729789, -0.682028, -0.086428, -0.726188, -0.697043, -0.028687, 0.716422, -0.687796, 0.061861, -0.723228, -0.675283, 0.112827, 0.728843, -0.675069, 0.234169, -0.699576, -0.674978, 0.322123, 0.663778, -0.672994, 0.437117, -0.596637, -0.677328, 0.496078, 0.543199, -0.659688, 0.640187, -0.393628, -0.686148, 0.601856, 0.408551, -0.679647, 0.683004, 0.267434, -0.672811, 0.729972, -0.120151, -0.680502, 0.727195, 0.089908, -0.577471, 0.576556, -0.57799, -0.577349, 0.577319, 0.577349, -0.575976, -0.585467, 0.570482, -0.576586, -0.581805, -0.573595, -0.687704, -0.253151, -0.68038, -0.68685, -0.282327, 0.669698, -0.701865, -0.321451, -0.635639, -0.683187, -0.413312, 0.601978, -0.682791, -0.414686, -0.601489, -0.682363, -0.537248, 0.495651, -0.682791, -0.537919, -0.494369, -0.698538, -0.593463, -0.399762, -0.690298, -0.614978, 0.381115, -0.65276, -0.725883, -0.216712, -0.658803, -0.729606, 0.183355],