{
    "name": "UntitledGeometry", 
    "faces": [41, 4, 5, 6, 7, 0, 1, 2, 3, 0, 1, 2, 3, 41, 0, 3, 2, 1, 0, 3, 2, 1, 4, 5, 6, 7, 41, 0, 1, 5, 4, 0, 1, 1, 0, 4, 7, 1, 0, 41, 1, 2, 6, 5, 1, 2, 2, 1, 7, 6, 2, 1, 41, 3, 0, 4, 7, 3, 0, 0, 3, 5, 4, 0, 3], 
    "vertices": [-1.51339, -0.1875, 0.719454, -1.51339, -0.1875, -0.719454, -1.51339, 0, -0.719454, -1.51339, -0, 0.719454, 1.51339, -0.1875, 0.719454, 1.51339, -0.1875, -0.719454, 1.51339, 0, -0.719454, 1.51339, -0, 0.719454], 
    "uvs": [[0, 0, 0.813346, 0, 0.813346, 0.029111, 0.343093, 1]], 
    "metadata": {
        "generator": "io_three", 
        "uvs": 1, 
        "type": "Geometry", 
        "faces": 5, 
        "vertices": 8, 
        "version": 3, 
        "normals": 8
    }, 
    "normals": [0.577349, -0.577349, 0.577349, 0.577349, -0.577349, -0.577349, 0.707083, 0, -0.707083, 0.707083, 0, 0.707083, -0.577349, -0.577349, 0.577349, -0.707083, 0, 0.707083, -0.707083, 0, -0.707083, -0.577349, -0.577349, -0.577349]
}