{
    "name": "UntitledGeometry", 
    "uvs": [[0, 0.041667, 0, 0, 0.25, 0, 0.25, 1, 0, 1, 0.208333, 0.958333, 0.208333, 0.041667, 0, 0.958333, 0, 0.958333]], 
    "normals": [0.577349, -0.577349, -0.577349, 0.577349, 0.577349, -0.577349, 0.666616, 0.666677, 0.333323, 0.577349, 0.577349, 0.577349, 0.577349, -0.577349, 0.577349, -0.666646, 0.666646, 0.333323, -0.577349, 0.577349, -0.577349, -0.577349, -0.577349, -0.577349, -0.894406, 0, 0.447188, -0.577349, 0.577349, 0.577349, -0.577349, -0.577349, 0.577349, 0, -0.707083, 0.707083, 0, 0.707083, 0.707083, 0, -0.707083, -0.707083, 0, 0.707083, -0.707083, 0.267251, 0.801782, 0.534501, 0.408246, 0.408246, 0.816492, 0.316202, 0.948668, 0, -0.267251, 0.801782, 0.534501, -0.316202, 0.948668, 0, 0.707083, 0.707083, 0, -0.707083, 0.707083, 0, -0.408246, 0.408246, 0.816492, 0, 0, 1], 
    "faces": [40, 10, 11, 12, 3, 4, 5, 0, 1, 2, 40, 15, 10, 12, 0, 3, 5, 2, 0, 2, 40, 15, 8, 10, 0, 1, 3, 2, 3, 0, 40, 8, 9, 10, 1, 2, 3, 3, 4, 0, 40, 4, 3, 2, 7, 4, 3, 5, 6, 7, 40, 5, 4, 2, 5, 7, 3, 8, 5, 7, 40, 0, 7, 6, 1, 0, 6, 9, 5, 8, 40, 0, 6, 1, 1, 6, 2, 9, 8, 10, 40, 6, 5, 2, 6, 5, 3, 8, 8, 7, 40, 6, 2, 1, 6, 3, 2, 8, 7, 10, 41, 0, 1, 19, 20, 1, 2, 2, 1, 9, 10, 11, 12, 41, 1, 2, 18, 19, 2, 3, 3, 2, 10, 7, 13, 11, 41, 2, 3, 17, 18, 3, 4, 4, 3, 7, 6, 14, 13, 41, 3, 4, 16, 17, 4, 7, 8, 4, 6, 5, 15, 14, 41, 4, 5, 23, 16, 7, 5, 5, 8, 5, 8, 16, 15, 41, 4, 7, 21, 16, 5, 6, 6, 5, 5, 5, 17, 15, 41, 7, 0, 20, 21, 0, 1, 1, 0, 5, 9, 12, 17, 41, 17, 16, 24, 25, 4, 8, 7, 4, 14, 15, 18, 14, 41, 18, 17, 25, 26, 3, 4, 4, 3, 13, 14, 14, 13, 41, 19, 18, 26, 27, 2, 3, 3, 2, 11, 13, 13, 11, 41, 20, 19, 27, 28, 1, 2, 2, 1, 12, 11, 11, 12, 41, 21, 20, 28, 29, 0, 1, 1, 0, 17, 12, 12, 19, 41, 22, 21, 29, 30, 6, 0, 0, 6, 20, 17, 19, 21, 41, 23, 22, 30, 31, 5, 6, 6, 5, 16, 20, 21, 22, 41, 16, 23, 31, 24, 8, 5, 5, 7, 15, 16, 22, 18, 41, 5, 6, 7, 4, 5, 6, 6, 5, 8, 8, 5, 5, 41, 6, 22, 21, 7, 6, 6, 6, 6, 8, 20, 17, 5, 41, 22, 23, 16, 21, 6, 5, 5, 6, 20, 16, 15, 17, 41, 25, 24, 12, 11, 4, 7, 7, 4, 14, 18, 2, 1, 41, 26, 25, 11, 10, 3, 4, 4, 3, 13, 14, 1, 0, 41, 27, 26, 10, 9, 2, 3, 3, 2, 11, 13, 0, 4, 41, 28, 27, 9, 8, 1, 2, 2, 1, 12, 11, 4, 3, 41, 29, 28, 8, 15, 0, 1, 1, 0, 19, 12, 3, 2, 41, 24, 29, 15, 12, 5, 6, 6, 5, 18, 19, 2, 2, 41, 24, 31, 13, 12, 7, 5, 5, 7, 18, 22, 23, 2, 41, 31, 30, 29, 24, 5, 6, 6, 5, 22, 21, 19, 18, 41, 30, 14, 15, 29, 6, 6, 6, 6, 21, 23, 2, 19], 
    "vertices": [-7.62, -0, 1.905, -7.62, -0.9525, 1.905, -7.62, -0.9525, -1.905, -7.62, 0, -1.905, -7.62, 0, -1.74625, -7.62, -0.79375, -1.74625, -7.62, -0.79375, 1.74625, -7.62, -0, 1.74625, 7.62, 2e-06, 1.905, 7.62, -0.952498, 1.905, 7.62, -0.952497, -1.905, 7.62, 3e-06, -1.905, 7.62, 3e-06, -1.74625, 7.62, -0.793747, -1.74625, 7.62, -0.793748, 1.74625, 7.62, 2e-06, 1.74625, -7.46125, 0, -1.74625, -7.46125, 0, -1.905, -7.46125, -0.9525, -1.905, -7.46125, -0.9525, 1.905, -7.46125, -0, 1.905, -7.46125, -0, 1.74625, -7.46125, -0.79375, 1.74625, -7.46125, -0.79375, -1.74625, 7.46125, 3e-06, -1.74625, 7.46125, 3e-06, -1.905, 7.46125, -0.952497, -1.905, 7.46125, -0.952498, 1.905, 7.46125, 2e-06, 1.905, 7.46125, 2e-06, 1.74625, 7.46125, -0.793748, 1.74625, 7.46125, -0.793747, -1.74625], 
    "metadata": {
        "type": "Geometry", 
        "faces": 37, 
        "uvs": 1, 
        "normals": 24, 
        "vertices": 32, 
        "version": 3, 
        "generator": "io_three"
    }
}